Model,Accuracy,Precision_Macro,Recall_Macro,F1_Macro
XGBoost,0.9333333333333333,0.9089147286821705,0.9209595959595959,0.9145810159436412
RF-based,0.92,0.8889800881592947,0.8987373737373737,0.8935562521769419
DT-based,0.92,0.8889800881592947,0.9001262626262626,0.8930756395995552
KNN-based,0.9066666666666666,0.8672480620155039,0.8779040404040405,0.8722423062662218
SVM-based,0.9066666666666666,0.8705549403223821,0.8765151515151516,0.872210953346856
